id;email;name;password;phone_number;created_at;updated_at
1;Kelli.Balistreri39@gmail.com;distributed;killer synergy transform;asymmetric Incredible empower;2022-08-19T12:12:26;2022-08-19T09:38:06
2;Marisa_Heaney@yahoo.com;bypass Plastic Handcrafted;Loan Supervisor Ports;Sausages model Designer;2022-08-19T10:28:37;2022-08-19T00:30:06
3;Charlene.West@yahoo.com;grey services Account;CFA United Central;Guiana Cotton;2022-08-18T17:06:34;2022-08-19T09:11:54
4;Lucio26@gmail.com;Loan dedicated array;Road Consultant withdrawal;leverage Analyst;2022-08-19T12:50:22;2022-08-19T11:28:47
5;Carli6@hotmail.com;Aruban Communications;Gorgeous;Grocery Shilling;2022-08-19T08:23:28;2022-08-19T09:26:27
6;Brionna24@hotmail.com;Small Soft Tennessee;Steel;relationships;2022-08-19T12:27:44;2022-08-19T13:55:57
7;Suzanne_Ernser@gmail.com;Towels Wooden;Cedi Ball Tasty;Bedfordshire paradigms PCI;2022-08-18T23:42:16;2022-08-18T16:06:56
8;Moises.Prohaska@yahoo.com;Visionary Central connecting;Bike;networks Data;2022-08-19T04:11:09;2022-08-19T10:47:34
9;Germaine.Terry0@yahoo.com;microchip programming;Cliff Keyboard calculate;users;2022-08-19T12:39:16;2022-08-19T08:44:59
10;Fredy_Wisoky0@gmail.com;Organized;Ways neural;scale;2022-08-18T23:04:02;2022-08-18T14:29:20
