id;content;title;created_at;updated_at
1;Singapore Mexico;Tasty action-items;2022-08-19T10:54:55;2022-08-19T12:47:14
2;Granite copy;Tools;2022-08-18T23:30:45;2022-08-19T01:22:06
3;overriding Guadeloupe;New Isle;2022-08-18T18:57:55;2022-08-18T15:07:57
4;Dinar Fully-configurable;Suriname system compress;2022-08-19T13:01:58;2022-08-19T07:06:52
5;payment Identity;PCI Home;2022-08-19T09:47:06;2022-08-19T13:14:31
6;connect microchip Investor;Sleek Netherlands;2022-08-19T12:44:56;2022-08-19T08:05:26
7;Pataca;innovative Avon transform;2022-08-19T07:10:19;2022-08-18T14:16:10
8;withdrawal Paradigm;calculate Home;2022-08-18T20:22:41;2022-08-18T21:06:40
9;Manager;redefine PCI;2022-08-18T21:53:20;2022-08-18T22:19:03
10;Fish redundant;SQL generate Rhode;2022-08-18T18:01:12;2022-08-19T02:02:21
